Verbatim,Verbatim,Label
"Text: Les énormes yeux des insectes font quasiment le tour de leurs têtes. Ils voient donc en même temps vers l’avant, vers l’arrière, à droite, à gauche, vers le haut et vers le bas. Encore mieux qu’un casque de vision en 3D! En revanche, ils ne voient pas très net, parce que leur œil est constitué de centaines, ou même de milliers de petits yeux simples. Chacun de ces petits yeux est chargé de traiter une toute petite partie de l’environnement. Un petit œil produit un simple point d’une teinte et d’une intensité lumineuse données. Ces points sont ensuite assemblés les uns aux autres dans le cerveau de l’insecte pour former une image complète et unique. Un œil d’une abeille contient 4500 petits yeux. Celui d’une libellule en a 15000: c’est l'œil le plus complexe chez les insectes !

Question: Pourquoi ces petits yeux sont chargés de traiter une petite partie de l'environnement ?","Text: Les énormes yeux des insectes font quasiment le tour de leurs têtes. Ils voient donc en même temps vers l’avant, vers l’arrière, à droite, à gauche, vers le haut et vers le bas. Encore mieux qu’un casque de vision en 3D! En revanche, ils ne voient pas très net, parce que leur œil est constitué de centaines, ou même de milliers de petits yeux simples. Chacun de ces petits yeux est chargé de traiter une toute petite partie de l’environnement. Un petit œil produit un simple point d’une teinte et d’une intensité lumineuse données. Ces points sont ensuite assemblés les uns aux autres dans le cerveau de l’insecte pour former une image complète et unique. Un œil d’une abeille contient 4500 petits yeux. Celui d’une libellule en a 15000: c’est l'œil le plus complexe chez les insectes !

Question: Pourquoi ces petits yeux sont chargés de traiter une petite partie de l'environnement ?",1
"Text: Les énormes yeux des insectes font quasiment le tour de leurs têtes. Ils voient donc en même temps vers l’avant, vers l’arrière, à droite, à gauche, vers le haut et vers le bas. Encore mieux qu’un casque de vision en 3D! En revanche, ils ne voient pas très net, parce que leur œil est constitué de centaines, ou même de milliers de petits yeux simples. Chacun de ces petits yeux est chargé de traiter une toute petite partie de l’environnement. Un petit œil produit un simple point d’une teinte et d’une intensité lumineuse données. Ces points sont ensuite assemblés les uns aux autres dans le cerveau de l’insecte pour former une image complète et unique. Un œil d’une abeille contient 4500 petits yeux. Celui d’une libellule en a 15000: c’est l'œil le plus complexe chez les insectes !

Question: Comment les point sont ensuite assemblés","Text: Les énormes yeux des insectes font quasiment le tour de leurs têtes. Ils voient donc en même temps vers l’avant, vers l’arrière, à droite, à gauche, vers le haut et vers le bas. Encore mieux qu’un casque de vision en 3D! En revanche, ils ne voient pas très net, parce que leur œil est constitué de centaines, ou même de milliers de petits yeux simples. Chacun de ces petits yeux est chargé de traiter une toute petite partie de l’environnement. Un petit œil produit un simple point d’une teinte et d’une intensité lumineuse données. Ces points sont ensuite assemblés les uns aux autres dans le cerveau de l’insecte pour former une image complète et unique. Un œil d’une abeille contient 4500 petits yeux. Celui d’une libellule en a 15000: c’est l'œil le plus complexe chez les insectes !

Question: Comment les point sont ensuite assemblés",2
"Text: Les énormes yeux des insectes font quasiment le tour de leurs têtes. Ils voient donc en même temps vers l’avant, vers l’arrière, à droite, à gauche, vers le haut et vers le bas. Encore mieux qu’un casque de vision en 3D! En revanche, ils ne voient pas très net, parce que leur œil est constitué de centaines, ou même de milliers de petits yeux simples. Chacun de ces petits yeux est chargé de traiter une toute petite partie de l’environnement. Un petit œil produit un simple point d’une teinte et d’une intensité lumineuse données. Ces points sont ensuite assemblés les uns aux autres dans le cerveau de l’insecte pour former une image complète et unique. Un œil d’une abeille contient 4500 petits yeux. Celui d’une libellule en a 15000: c’est l'œil le plus complexe chez les insectes !

Question: C'est quoi un casque de vision 3D ?","Text: Les énormes yeux des insectes font quasiment le tour de leurs têtes. Ils voient donc en même temps vers l’avant, vers l’arrière, à droite, à gauche, vers le haut et vers le bas. Encore mieux qu’un casque de vision en 3D! En revanche, ils ne voient pas très net, parce que leur œil est constitué de centaines, ou même de milliers de petits yeux simples. Chacun de ces petits yeux est chargé de traiter une toute petite partie de l’environnement. Un petit œil produit un simple point d’une teinte et d’une intensité lumineuse données. Ces points sont ensuite assemblés les uns aux autres dans le cerveau de l’insecte pour former une image complète et unique. Un œil d’une abeille contient 4500 petits yeux. Celui d’une libellule en a 15000: c’est l'œil le plus complexe chez les insectes !

Question: C'est quoi un casque de vision 3D ?",2
"Text: Les énormes yeux des insectes font quasiment le tour de leurs têtes. Ils voient donc en même temps vers l’avant, vers l’arrière, à droite, à gauche, vers le haut et vers le bas. Encore mieux qu’un casque de vision en 3D! En revanche, ils ne voient pas très net, parce que leur œil est constitué de centaines, ou même de milliers de petits yeux simples. Chacun de ces petits yeux est chargé de traiter une toute petite partie de l’environnement. Un petit œil produit un simple point d’une teinte et d’une intensité lumineuse données. Ces points sont ensuite assemblés les uns aux autres dans le cerveau de l’insecte pour former une image complète et unique. Un œil d’une abeille contient 4500 petits yeux. Celui d’une libellule en a 15000: c’est l'œil le plus complexe chez les insectes !

Question: Combien d'yeux petits ont les humains en moyenne ?","Text: Les énormes yeux des insectes font quasiment le tour de leurs têtes. Ils voient donc en même temps vers l’avant, vers l’arrière, à droite, à gauche, vers le haut et vers le bas. Encore mieux qu’un casque de vision en 3D! En revanche, ils ne voient pas très net, parce que leur œil est constitué de centaines, ou même de milliers de petits yeux simples. Chacun de ces petits yeux est chargé de traiter une toute petite partie de l’environnement. Un petit œil produit un simple point d’une teinte et d’une intensité lumineuse données. Ces points sont ensuite assemblés les uns aux autres dans le cerveau de l’insecte pour former une image complète et unique. Un œil d’une abeille contient 4500 petits yeux. Celui d’une libellule en a 15000: c’est l'œil le plus complexe chez les insectes !

Question: Combien d'yeux petits ont les humains en moyenne ?",2
"Text: Les énormes yeux des insectes font quasiment le tour de leurs têtes. Ils voient donc en même temps vers l’avant, vers l’arrière, à droite, à gauche, vers le haut et vers le bas. Encore mieux qu’un casque de vision en 3D! En revanche, ils ne voient pas très net, parce que leur œil est constitué de centaines, ou même de milliers de petits yeux simples. Chacun de ces petits yeux est chargé de traiter une toute petite partie de l’environnement. Un petit œil produit un simple point d’une teinte et d’une intensité lumineuse données. Ces points sont ensuite assemblés les uns aux autres dans le cerveau de l’insecte pour former une image complète et unique. Un œil d’une abeille contient 4500 petits yeux. Celui d’une libellule en a 15000: c’est l'œil le plus complexe chez les insectes !

Question: Quel être vivant a le plus de petis yeux ?","Text: Les énormes yeux des insectes font quasiment le tour de leurs têtes. Ils voient donc en même temps vers l’avant, vers l’arrière, à droite, à gauche, vers le haut et vers le bas. Encore mieux qu’un casque de vision en 3D! En revanche, ils ne voient pas très net, parce que leur œil est constitué de centaines, ou même de milliers de petits yeux simples. Chacun de ces petits yeux est chargé de traiter une toute petite partie de l’environnement. Un petit œil produit un simple point d’une teinte et d’une intensité lumineuse données. Ces points sont ensuite assemblés les uns aux autres dans le cerveau de l’insecte pour former une image complète et unique. Un œil d’une abeille contient 4500 petits yeux. Celui d’une libellule en a 15000: c’est l'œil le plus complexe chez les insectes !

Question: Quel être vivant a le plus de petis yeux ?",2
"Text: Les énormes yeux des insectes font quasiment le tour de leurs têtes. Ils voient donc en même temps vers l’avant, vers l’arrière, à droite, à gauche, vers le haut et vers le bas. Encore mieux qu’un casque de vision en 3D! En revanche, ils ne voient pas très net, parce que leur œil est constitué de centaines, ou même de milliers de petits yeux simples. Chacun de ces petits yeux est chargé de traiter une toute petite partie de l’environnement. Un petit œil produit un simple point d’une teinte et d’une intensité lumineuse données. Ces points sont ensuite assemblés les uns aux autres dans le cerveau de l’insecte pour former une image complète et unique. Un œil d’une abeille contient 4500 petits yeux. Celui d’une libellule en a 15000: c’est l'œil le plus complexe chez les insectes !

Question: Est ce qu'ils voient bien les couleurs ?","Text: Les énormes yeux des insectes font quasiment le tour de leurs têtes. Ils voient donc en même temps vers l’avant, vers l’arrière, à droite, à gauche, vers le haut et vers le bas. Encore mieux qu’un casque de vision en 3D! En revanche, ils ne voient pas très net, parce que leur œil est constitué de centaines, ou même de milliers de petits yeux simples. Chacun de ces petits yeux est chargé de traiter une toute petite partie de l’environnement. Un petit œil produit un simple point d’une teinte et d’une intensité lumineuse données. Ces points sont ensuite assemblés les uns aux autres dans le cerveau de l’insecte pour former une image complète et unique. Un œil d’une abeille contient 4500 petits yeux. Celui d’une libellule en a 15000: c’est l'œil le plus complexe chez les insectes !

Question: Est ce qu'ils voient bien les couleurs ?",2
"Text: Les énormes yeux des insectes font quasiment le tour de leurs têtes. Ils voient donc en même temps vers l’avant, vers l’arrière, à droite, à gauche, vers le haut et vers le bas. Encore mieux qu’un casque de vision en 3D! En revanche, ils ne voient pas très net, parce que leur œil est constitué de centaines, ou même de milliers de petits yeux simples. Chacun de ces petits yeux est chargé de traiter une toute petite partie de l’environnement. Un petit œil produit un simple point d’une teinte et d’une intensité lumineuse données. Ces points sont ensuite assemblés les uns aux autres dans le cerveau de l’insecte pour former une image complète et unique. Un œil d’une abeille contient 4500 petits yeux. Celui d’une libellule en a 15000: c’est l'œil le plus complexe chez les insectes !

Question: Est ce que l'escargot a plus de 2 yeux ?","Text: Les énormes yeux des insectes font quasiment le tour de leurs têtes. Ils voient donc en même temps vers l’avant, vers l’arrière, à droite, à gauche, vers le haut et vers le bas. Encore mieux qu’un casque de vision en 3D! En revanche, ils ne voient pas très net, parce que leur œil est constitué de centaines, ou même de milliers de petits yeux simples. Chacun de ces petits yeux est chargé de traiter une toute petite partie de l’environnement. Un petit œil produit un simple point d’une teinte et d’une intensité lumineuse données. Ces points sont ensuite assemblés les uns aux autres dans le cerveau de l’insecte pour former une image complète et unique. Un œil d’une abeille contient 4500 petits yeux. Celui d’une libellule en a 15000: c’est l'œil le plus complexe chez les insectes !

Question: Est ce que l'escargot a plus de 2 yeux ?",2
"Text: Les énormes yeux des insectes font quasiment le tour de leurs têtes. Ils voient donc en même temps vers l’avant, vers l’arrière, à droite, à gauche, vers le haut et vers le bas. Encore mieux qu’un casque de vision en 3D! En revanche, ils ne voient pas très net, parce que leur œil est constitué de centaines, ou même de milliers de petits yeux simples. Chacun de ces petits yeux est chargé de traiter une toute petite partie de l’environnement. Un petit œil produit un simple point d’une teinte et d’une intensité lumineuse données. Ces points sont ensuite assemblés les uns aux autres dans le cerveau de l’insecte pour former une image complète et unique. Un œil d’une abeille contient 4500 petits yeux. Celui d’une libellule en a 15000: c’est l'œil le plus complexe chez les insectes !

Question: Quelle est l'oeil le moins complexe chez les insectes ?","Text: Les énormes yeux des insectes font quasiment le tour de leurs têtes. Ils voient donc en même temps vers l’avant, vers l’arrière, à droite, à gauche, vers le haut et vers le bas. Encore mieux qu’un casque de vision en 3D! En revanche, ils ne voient pas très net, parce que leur œil est constitué de centaines, ou même de milliers de petits yeux simples. Chacun de ces petits yeux est chargé de traiter une toute petite partie de l’environnement. Un petit œil produit un simple point d’une teinte et d’une intensité lumineuse données. Ces points sont ensuite assemblés les uns aux autres dans le cerveau de l’insecte pour former une image complète et unique. Un œil d’une abeille contient 4500 petits yeux. Celui d’une libellule en a 15000: c’est l'œil le plus complexe chez les insectes !

Question: Quelle est l'oeil le moins complexe chez les insectes ?",2
"Text: Les énormes yeux des insectes font quasiment le tour de leurs têtes. Ils voient donc en même temps vers l’avant, vers l’arrière, à droite, à gauche, vers le haut et vers le bas. Encore mieux qu’un casque de vision en 3D! En revanche, ils ne voient pas très net, parce que leur œil est constitué de centaines, ou même de milliers de petits yeux simples. Chacun de ces petits yeux est chargé de traiter une toute petite partie de l’environnement. Un petit œil produit un simple point d’une teinte et d’une intensité lumineuse données. Ces points sont ensuite assemblés les uns aux autres dans le cerveau de l’insecte pour former une image complète et unique. Un œil d’une abeille contient 4500 petits yeux. Celui d’une libellule en a 15000: c’est l'œil le plus complexe chez les insectes !

Question: Comment ils voient derrière ?","Text: Les énormes yeux des insectes font quasiment le tour de leurs têtes. Ils voient donc en même temps vers l’avant, vers l’arrière, à droite, à gauche, vers le haut et vers le bas. Encore mieux qu’un casque de vision en 3D! En revanche, ils ne voient pas très net, parce que leur œil est constitué de centaines, ou même de milliers de petits yeux simples. Chacun de ces petits yeux est chargé de traiter une toute petite partie de l’environnement. Un petit œil produit un simple point d’une teinte et d’une intensité lumineuse données. Ces points sont ensuite assemblés les uns aux autres dans le cerveau de l’insecte pour former une image complète et unique. Un œil d’une abeille contient 4500 petits yeux. Celui d’une libellule en a 15000: c’est l'œil le plus complexe chez les insectes !

Question: Comment ils voient derrière ?",2
"Text: Les énormes yeux des insectes font quasiment le tour de leurs têtes. Ils voient donc en même temps vers l’avant, vers l’arrière, à droite, à gauche, vers le haut et vers le bas. Encore mieux qu’un casque de vision en 3D! En revanche, ils ne voient pas très net, parce que leur œil est constitué de centaines, ou même de milliers de petits yeux simples. Chacun de ces petits yeux est chargé de traiter une toute petite partie de l’environnement. Un petit œil produit un simple point d’une teinte et d’une intensité lumineuse données. Ces points sont ensuite assemblés les uns aux autres dans le cerveau de l’insecte pour former une image complète et unique. Un œil d’une abeille contient 4500 petits yeux. Celui d’une libellule en a 15000: c’est l'œil le plus complexe chez les insectes !

Question: Est ce qu'ils sont comme ça de la naissance à la mort ?","Text: Les énormes yeux des insectes font quasiment le tour de leurs têtes. Ils voient donc en même temps vers l’avant, vers l’arrière, à droite, à gauche, vers le haut et vers le bas. Encore mieux qu’un casque de vision en 3D! En revanche, ils ne voient pas très net, parce que leur œil est constitué de centaines, ou même de milliers de petits yeux simples. Chacun de ces petits yeux est chargé de traiter une toute petite partie de l’environnement. Un petit œil produit un simple point d’une teinte et d’une intensité lumineuse données. Ces points sont ensuite assemblés les uns aux autres dans le cerveau de l’insecte pour former une image complète et unique. Un œil d’une abeille contient 4500 petits yeux. Celui d’une libellule en a 15000: c’est l'œil le plus complexe chez les insectes !

Question: Est ce qu'ils sont comme ça de la naissance à la mort ?",2
"Text: Les énormes yeux des insectes font quasiment le tour de leurs têtes. Ils voient donc en même temps vers l’avant, vers l’arrière, à droite, à gauche, vers le haut et vers le bas. Encore mieux qu’un casque de vision en 3D! En revanche, ils ne voient pas très net, parce que leur œil est constitué de centaines, ou même de milliers de petits yeux simples. Chacun de ces petits yeux est chargé de traiter une toute petite partie de l’environnement. Un petit œil produit un simple point d’une teinte et d’une intensité lumineuse données. Ces points sont ensuite assemblés les uns aux autres dans le cerveau de l’insecte pour former une image complète et unique. Un œil d’une abeille contient 4500 petits yeux. Celui d’une libellule en a 15000: c’est l'œil le plus complexe chez les insectes !

Question: La libellule en a 15000 pile ou un peu plus/moins ?","Text: Les énormes yeux des insectes font quasiment le tour de leurs têtes. Ils voient donc en même temps vers l’avant, vers l’arrière, à droite, à gauche, vers le haut et vers le bas. Encore mieux qu’un casque de vision en 3D! En revanche, ils ne voient pas très net, parce que leur œil est constitué de centaines, ou même de milliers de petits yeux simples. Chacun de ces petits yeux est chargé de traiter une toute petite partie de l’environnement. Un petit œil produit un simple point d’une teinte et d’une intensité lumineuse données. Ces points sont ensuite assemblés les uns aux autres dans le cerveau de l’insecte pour former une image complète et unique. Un œil d’une abeille contient 4500 petits yeux. Celui d’une libellule en a 15000: c’est l'œil le plus complexe chez les insectes !

Question: La libellule en a 15000 pile ou un peu plus/moins ?",2
"Text: Les énormes yeux des insectes font quasiment le tour de leurs têtes. Ils voient donc en même temps vers l’avant, vers l’arrière, à droite, à gauche, vers le haut et vers le bas. Encore mieux qu’un casque de vision en 3D! En revanche, ils ne voient pas très net, parce que leur œil est constitué de centaines, ou même de milliers de petits yeux simples. Chacun de ces petits yeux est chargé de traiter une toute petite partie de l’environnement. Un petit œil produit un simple point d’une teinte et d’une intensité lumineuse données. Ces points sont ensuite assemblés les uns aux autres dans le cerveau de l’insecte pour former une image complète et unique. Un œil d’une abeille contient 4500 petits yeux. Celui d’une libellule en a 15000: c’est l'œil le plus complexe chez les insectes !

Question: Et l'abeille ?","Text: Les énormes yeux des insectes font quasiment le tour de leurs têtes. Ils voient donc en même temps vers l’avant, vers l’arrière, à droite, à gauche, vers le haut et vers le bas. Encore mieux qu’un casque de vision en 3D! En revanche, ils ne voient pas très net, parce que leur œil est constitué de centaines, ou même de milliers de petits yeux simples. Chacun de ces petits yeux est chargé de traiter une toute petite partie de l’environnement. Un petit œil produit un simple point d’une teinte et d’une intensité lumineuse données. Ces points sont ensuite assemblés les uns aux autres dans le cerveau de l’insecte pour former une image complète et unique. Un œil d’une abeille contient 4500 petits yeux. Celui d’une libellule en a 15000: c’est l'œil le plus complexe chez les insectes !

Question: Et l'abeille ?",2
"Text: Les énormes yeux des insectes font quasiment le tour de leurs têtes. Ils voient donc en même temps vers l’avant, vers l’arrière, à droite, à gauche, vers le haut et vers le bas. Encore mieux qu’un casque de vision en 3D! En revanche, ils ne voient pas très net, parce que leur œil est constitué de centaines, ou même de milliers de petits yeux simples. Chacun de ces petits yeux est chargé de traiter une toute petite partie de l’environnement. Un petit œil produit un simple point d’une teinte et d’une intensité lumineuse données. Ces points sont ensuite assemblés les uns aux autres dans le cerveau de l’insecte pour former une image complète et unique. Un œil d’une abeille contient 4500 petits yeux. Celui d’une libellule en a 15000: c’est l'œil le plus complexe chez les insectes !

Question: Peut-on voir le petit oeil d'un insecte à l'oeil nu ?","Text: Les énormes yeux des insectes font quasiment le tour de leurs têtes. Ils voient donc en même temps vers l’avant, vers l’arrière, à droite, à gauche, vers le haut et vers le bas. Encore mieux qu’un casque de vision en 3D! En revanche, ils ne voient pas très net, parce que leur œil est constitué de centaines, ou même de milliers de petits yeux simples. Chacun de ces petits yeux est chargé de traiter une toute petite partie de l’environnement. Un petit œil produit un simple point d’une teinte et d’une intensité lumineuse données. Ces points sont ensuite assemblés les uns aux autres dans le cerveau de l’insecte pour former une image complète et unique. Un œil d’une abeille contient 4500 petits yeux. Celui d’une libellule en a 15000: c’est l'œil le plus complexe chez les insectes !

Question: Peut-on voir le petit oeil d'un insecte à l'oeil nu ?",2
"Text: Les énormes yeux des insectes font quasiment le tour de leurs têtes. Ils voient donc en même temps vers l’avant, vers l’arrière, à droite, à gauche, vers le haut et vers le bas. Encore mieux qu’un casque de vision en 3D! En revanche, ils ne voient pas très net, parce que leur œil est constitué de centaines, ou même de milliers de petits yeux simples. Chacun de ces petits yeux est chargé de traiter une toute petite partie de l’environnement. Un petit œil produit un simple point d’une teinte et d’une intensité lumineuse données. Ces points sont ensuite assemblés les uns aux autres dans le cerveau de l’insecte pour former une image complète et unique. Un œil d’une abeille contient 4500 petits yeux. Celui d’une libellule en a 15000: c’est l'œil le plus complexe chez les insectes !

Question: Et avec une loupe ?","Text: Les énormes yeux des insectes font quasiment le tour de leurs têtes. Ils voient donc en même temps vers l’avant, vers l’arrière, à droite, à gauche, vers le haut et vers le bas. Encore mieux qu’un casque de vision en 3D! En revanche, ils ne voient pas très net, parce que leur œil est constitué de centaines, ou même de milliers de petits yeux simples. Chacun de ces petits yeux est chargé de traiter une toute petite partie de l’environnement. Un petit œil produit un simple point d’une teinte et d’une intensité lumineuse données. Ces points sont ensuite assemblés les uns aux autres dans le cerveau de l’insecte pour former une image complète et unique. Un œil d’une abeille contient 4500 petits yeux. Celui d’une libellule en a 15000: c’est l'œil le plus complexe chez les insectes !

Question: Et avec une loupe ?",2
"Text: Les énormes yeux des insectes font quasiment le tour de leurs têtes. Ils voient donc en même temps vers l’avant, vers l’arrière, à droite, à gauche, vers le haut et vers le bas. Encore mieux qu’un casque de vision en 3D! En revanche, ils ne voient pas très net, parce que leur œil est constitué de centaines, ou même de milliers de petits yeux simples. Chacun de ces petits yeux est chargé de traiter une toute petite partie de l’environnement. Un petit œil produit un simple point d’une teinte et d’une intensité lumineuse données. Ces points sont ensuite assemblés les uns aux autres dans le cerveau de l’insecte pour former une image complète et unique. Un œil d’une abeille contient 4500 petits yeux. Celui d’une libellule en a 15000: c’est l'œil le plus complexe chez les insectes !

Question: Quel est l'insecte ayant l'oeil le moins complexe ?","Text: Les énormes yeux des insectes font quasiment le tour de leurs têtes. Ils voient donc en même temps vers l’avant, vers l’arrière, à droite, à gauche, vers le haut et vers le bas. Encore mieux qu’un casque de vision en 3D! En revanche, ils ne voient pas très net, parce que leur œil est constitué de centaines, ou même de milliers de petits yeux simples. Chacun de ces petits yeux est chargé de traiter une toute petite partie de l’environnement. Un petit œil produit un simple point d’une teinte et d’une intensité lumineuse données. Ces points sont ensuite assemblés les uns aux autres dans le cerveau de l’insecte pour former une image complète et unique. Un œil d’une abeille contient 4500 petits yeux. Celui d’une libellule en a 15000: c’est l'œil le plus complexe chez les insectes !

Question: Quel est l'insecte ayant l'oeil le moins complexe ?",2
"Text: Les énormes yeux des insectes font quasiment le tour de leurs têtes. Ils voient donc en même temps vers l’avant, vers l’arrière, à droite, à gauche, vers le haut et vers le bas. Encore mieux qu’un casque de vision en 3D! En revanche, ils ne voient pas très net, parce que leur œil est constitué de centaines, ou même de milliers de petits yeux simples. Chacun de ces petits yeux est chargé de traiter une toute petite partie de l’environnement. Un petit œil produit un simple point d’une teinte et d’une intensité lumineuse données. Ces points sont ensuite assemblés les uns aux autres dans le cerveau de l’insecte pour former une image complète et unique. Un œil d’une abeille contient 4500 petits yeux. Celui d’une libellule en a 15000: c’est l'œil le plus complexe chez les insectes !

Question: C'est le jour ou la nuit ?","Text: Les énormes yeux des insectes font quasiment le tour de leurs têtes. Ils voient donc en même temps vers l’avant, vers l’arrière, à droite, à gauche, vers le haut et vers le bas. Encore mieux qu’un casque de vision en 3D! En revanche, ils ne voient pas très net, parce que leur œil est constitué de centaines, ou même de milliers de petits yeux simples. Chacun de ces petits yeux est chargé de traiter une toute petite partie de l’environnement. Un petit œil produit un simple point d’une teinte et d’une intensité lumineuse données. Ces points sont ensuite assemblés les uns aux autres dans le cerveau de l’insecte pour former une image complète et unique. Un œil d’une abeille contient 4500 petits yeux. Celui d’une libellule en a 15000: c’est l'œil le plus complexe chez les insectes !

Question: C'est le jour ou la nuit ?",2
"Text: Les énormes yeux des insectes font quasiment le tour de leurs têtes. Ils voient donc en même temps vers l’avant, vers l’arrière, à droite, à gauche, vers le haut et vers le bas. Encore mieux qu’un casque de vision en 3D! En revanche, ils ne voient pas très net, parce que leur œil est constitué de centaines, ou même de milliers de petits yeux simples. Chacun de ces petits yeux est chargé de traiter une toute petite partie de l’environnement. Un petit œil produit un simple point d’une teinte et d’une intensité lumineuse données. Ces points sont ensuite assemblés les uns aux autres dans le cerveau de l’insecte pour former une image complète et unique. Un œil d’une abeille contient 4500 petits yeux. Celui d’une libellule en a 15000: c’est l'œil le plus complexe chez les insectes !

Question: Pourquoi les yeux des insectes font quasiment le tour de leur tête ?","Text: Les énormes yeux des insectes font quasiment le tour de leurs têtes. Ils voient donc en même temps vers l’avant, vers l’arrière, à droite, à gauche, vers le haut et vers le bas. Encore mieux qu’un casque de vision en 3D! En revanche, ils ne voient pas très net, parce que leur œil est constitué de centaines, ou même de milliers de petits yeux simples. Chacun de ces petits yeux est chargé de traiter une toute petite partie de l’environnement. Un petit œil produit un simple point d’une teinte et d’une intensité lumineuse données. Ces points sont ensuite assemblés les uns aux autres dans le cerveau de l’insecte pour former une image complète et unique. Un œil d’une abeille contient 4500 petits yeux. Celui d’une libellule en a 15000: c’est l'œil le plus complexe chez les insectes !

Question: Pourquoi les yeux des insectes font quasiment le tour de leur tête ?",2
"Text: Les énormes yeux des insectes font quasiment le tour de leurs têtes. Ils voient donc en même temps vers l’avant, vers l’arrière, à droite, à gauche, vers le haut et vers le bas. Encore mieux qu’un casque de vision en 3D! En revanche, ils ne voient pas très net, parce que leur œil est constitué de centaines, ou même de milliers de petits yeux simples. Chacun de ces petits yeux est chargé de traiter une toute petite partie de l’environnement. Un petit œil produit un simple point d’une teinte et d’une intensité lumineuse données. Ces points sont ensuite assemblés les uns aux autres dans le cerveau de l’insecte pour former une image complète et unique. Un œil d’une abeille contient 4500 petits yeux. Celui d’une libellule en a 15000: c’est l'œil le plus complexe chez les insectes !

Question: Pourquoi l'oeil de l'abeille contiennent 4500 petits yeux ?","Text: Les énormes yeux des insectes font quasiment le tour de leurs têtes. Ils voient donc en même temps vers l’avant, vers l’arrière, à droite, à gauche, vers le haut et vers le bas. Encore mieux qu’un casque de vision en 3D! En revanche, ils ne voient pas très net, parce que leur œil est constitué de centaines, ou même de milliers de petits yeux simples. Chacun de ces petits yeux est chargé de traiter une toute petite partie de l’environnement. Un petit œil produit un simple point d’une teinte et d’une intensité lumineuse données. Ces points sont ensuite assemblés les uns aux autres dans le cerveau de l’insecte pour former une image complète et unique. Un œil d’une abeille contient 4500 petits yeux. Celui d’une libellule en a 15000: c’est l'œil le plus complexe chez les insectes !

Question: Pourquoi l'oeil de l'abeille contiennent 4500 petits yeux ?",2
"Text: Les énormes yeux des insectes font quasiment le tour de leurs têtes. Ils voient donc en même temps vers l’avant, vers l’arrière, à droite, à gauche, vers le haut et vers le bas. Encore mieux qu’un casque de vision en 3D! En revanche, ils ne voient pas très net, parce que leur œil est constitué de centaines, ou même de milliers de petits yeux simples. Chacun de ces petits yeux est chargé de traiter une toute petite partie de l’environnement. Un petit œil produit un simple point d’une teinte et d’une intensité lumineuse données. Ces points sont ensuite assemblés les uns aux autres dans le cerveau de l’insecte pour former une image complète et unique. Un œil d’une abeille contient 4500 petits yeux. Celui d’une libellule en a 15000: c’est l'œil le plus complexe chez les insectes !

Question: Pourquoi un petit oeil produit un simple petit point d'une teinte et d'une intensité lumineuse données ?","Text: Les énormes yeux des insectes font quasiment le tour de leurs têtes. Ils voient donc en même temps vers l’avant, vers l’arrière, à droite, à gauche, vers le haut et vers le bas. Encore mieux qu’un casque de vision en 3D! En revanche, ils ne voient pas très net, parce que leur œil est constitué de centaines, ou même de milliers de petits yeux simples. Chacun de ces petits yeux est chargé de traiter une toute petite partie de l’environnement. Un petit œil produit un simple point d’une teinte et d’une intensité lumineuse données. Ces points sont ensuite assemblés les uns aux autres dans le cerveau de l’insecte pour former une image complète et unique. Un œil d’une abeille contient 4500 petits yeux. Celui d’une libellule en a 15000: c’est l'œil le plus complexe chez les insectes !

Question: Pourquoi un petit oeil produit un simple petit point d'une teinte et d'une intensité lumineuse données ?",2
"Text: Les énormes yeux des insectes font quasiment le tour de leurs têtes. Ils voient donc en même temps vers l’avant, vers l’arrière, à droite, à gauche, vers le haut et vers le bas. Encore mieux qu’un casque de vision en 3D! En revanche, ils ne voient pas très net, parce que leur œil est constitué de centaines, ou même de milliers de petits yeux simples. Chacun de ces petits yeux est chargé de traiter une toute petite partie de l’environnement. Un petit œil produit un simple point d’une teinte et d’une intensité lumineuse données. Ces points sont ensuite assemblés les uns aux autres dans le cerveau de l’insecte pour former une image complète et unique. Un œil d’une abeille contient 4500 petits yeux. Celui d’une libellule en a 15000: c’est l'œil le plus complexe chez les insectes !

Question: C'est quoi une intensité ?","Text: Les énormes yeux des insectes font quasiment le tour de leurs têtes. Ils voient donc en même temps vers l’avant, vers l’arrière, à droite, à gauche, vers le haut et vers le bas. Encore mieux qu’un casque de vision en 3D! En revanche, ils ne voient pas très net, parce que leur œil est constitué de centaines, ou même de milliers de petits yeux simples. Chacun de ces petits yeux est chargé de traiter une toute petite partie de l’environnement. Un petit œil produit un simple point d’une teinte et d’une intensité lumineuse données. Ces points sont ensuite assemblés les uns aux autres dans le cerveau de l’insecte pour former une image complète et unique. Un œil d’une abeille contient 4500 petits yeux. Celui d’une libellule en a 15000: c’est l'œil le plus complexe chez les insectes !

Question: C'est quoi une intensité ?",2
"Text: Les énormes yeux des insectes font quasiment le tour de leurs têtes. Ils voient donc en même temps vers l’avant, vers l’arrière, à droite, à gauche, vers le haut et vers le bas. Encore mieux qu’un casque de vision en 3D! En revanche, ils ne voient pas très net, parce que leur œil est constitué de centaines, ou même de milliers de petits yeux simples. Chacun de ces petits yeux est chargé de traiter une toute petite partie de l’environnement. Un petit œil produit un simple point d’une teinte et d’une intensité lumineuse données. Ces points sont ensuite assemblés les uns aux autres dans le cerveau de l’insecte pour former une image complète et unique. Un œil d’une abeille contient 4500 petits yeux. Celui d’une libellule en a 15000: c’est l'œil le plus complexe chez les insectes !

Question: Combien de petits yeux ont les fourmis ?","Text: Les énormes yeux des insectes font quasiment le tour de leurs têtes. Ils voient donc en même temps vers l’avant, vers l’arrière, à droite, à gauche, vers le haut et vers le bas. Encore mieux qu’un casque de vision en 3D! En revanche, ils ne voient pas très net, parce que leur œil est constitué de centaines, ou même de milliers de petits yeux simples. Chacun de ces petits yeux est chargé de traiter une toute petite partie de l’environnement. Un petit œil produit un simple point d’une teinte et d’une intensité lumineuse données. Ces points sont ensuite assemblés les uns aux autres dans le cerveau de l’insecte pour former une image complète et unique. Un œil d’une abeille contient 4500 petits yeux. Celui d’une libellule en a 15000: c’est l'œil le plus complexe chez les insectes !

Question: Combien de petits yeux ont les fourmis ?",2
"Text: Les énormes yeux des insectes font quasiment le tour de leurs têtes. Ils voient donc en même temps vers l’avant, vers l’arrière, à droite, à gauche, vers le haut et vers le bas. Encore mieux qu’un casque de vision en 3D! En revanche, ils ne voient pas très net, parce que leur œil est constitué de centaines, ou même de milliers de petits yeux simples. Chacun de ces petits yeux est chargé de traiter une toute petite partie de l’environnement. Un petit œil produit un simple point d’une teinte et d’une intensité lumineuse données. Ces points sont ensuite assemblés les uns aux autres dans le cerveau de l’insecte pour former une image complète et unique. Un œil d’une abeille contient 4500 petits yeux. Celui d’une libellule en a 15000: c’est l'œil le plus complexe chez les insectes !

Question: Quelle taille font les petits yeux des insectes ?","Text: Les énormes yeux des insectes font quasiment le tour de leurs têtes. Ils voient donc en même temps vers l’avant, vers l’arrière, à droite, à gauche, vers le haut et vers le bas. Encore mieux qu’un casque de vision en 3D! En revanche, ils ne voient pas très net, parce que leur œil est constitué de centaines, ou même de milliers de petits yeux simples. Chacun de ces petits yeux est chargé de traiter une toute petite partie de l’environnement. Un petit œil produit un simple point d’une teinte et d’une intensité lumineuse données. Ces points sont ensuite assemblés les uns aux autres dans le cerveau de l’insecte pour former une image complète et unique. Un œil d’une abeille contient 4500 petits yeux. Celui d’une libellule en a 15000: c’est l'œil le plus complexe chez les insectes !

Question: Quelle taille font les petits yeux des insectes ?",2
"Text: Les énormes yeux des insectes font quasiment le tour de leurs têtes. Ils voient donc en même temps vers l’avant, vers l’arrière, à droite, à gauche, vers le haut et vers le bas. Encore mieux qu’un casque de vision en 3D! En revanche, ils ne voient pas très net, parce que leur œil est constitué de centaines, ou même de milliers de petits yeux simples. Chacun de ces petits yeux est chargé de traiter une toute petite partie de l’environnement. Un petit œil produit un simple point d’une teinte et d’une intensité lumineuse données. Ces points sont ensuite assemblés les uns aux autres dans le cerveau de l’insecte pour former une image complète et unique. Un œil d’une abeille contient 4500 petits yeux. Celui d’une libellule en a 15000: c’est l'œil le plus complexe chez les insectes !

Question: Pourquoi les insectes ont plus d'oeil que nous les humains ?","Text: Les énormes yeux des insectes font quasiment le tour de leurs têtes. Ils voient donc en même temps vers l’avant, vers l’arrière, à droite, à gauche, vers le haut et vers le bas. Encore mieux qu’un casque de vision en 3D! En revanche, ils ne voient pas très net, parce que leur œil est constitué de centaines, ou même de milliers de petits yeux simples. Chacun de ces petits yeux est chargé de traiter une toute petite partie de l’environnement. Un petit œil produit un simple point d’une teinte et d’une intensité lumineuse données. Ces points sont ensuite assemblés les uns aux autres dans le cerveau de l’insecte pour former une image complète et unique. Un œil d’une abeille contient 4500 petits yeux. Celui d’une libellule en a 15000: c’est l'œil le plus complexe chez les insectes !

Question: Pourquoi les insectes ont plus d'oeil que nous les humains ?",2
"Text: Les énormes yeux des insectes font quasiment le tour de leurs têtes. Ils voient donc en même temps vers l’avant, vers l’arrière, à droite, à gauche, vers le haut et vers le bas. Encore mieux qu’un casque de vision en 3D! En revanche, ils ne voient pas très net, parce que leur œil est constitué de centaines, ou même de milliers de petits yeux simples. Chacun de ces petits yeux est chargé de traiter une toute petite partie de l’environnement. Un petit œil produit un simple point d’une teinte et d’une intensité lumineuse données. Ces points sont ensuite assemblés les uns aux autres dans le cerveau de l’insecte pour former une image complète et unique. Un œil d’une abeille contient 4500 petits yeux. Celui d’une libellule en a 15000: c’est l'œil le plus complexe chez les insectes !

Question: Dans la phrase ""un petit oeil produit un simple point"", c'est quoi un point ?","Text: Les énormes yeux des insectes font quasiment le tour de leurs têtes. Ils voient donc en même temps vers l’avant, vers l’arrière, à droite, à gauche, vers le haut et vers le bas. Encore mieux qu’un casque de vision en 3D! En revanche, ils ne voient pas très net, parce que leur œil est constitué de centaines, ou même de milliers de petits yeux simples. Chacun de ces petits yeux est chargé de traiter une toute petite partie de l’environnement. Un petit œil produit un simple point d’une teinte et d’une intensité lumineuse données. Ces points sont ensuite assemblés les uns aux autres dans le cerveau de l’insecte pour former une image complète et unique. Un œil d’une abeille contient 4500 petits yeux. Celui d’une libellule en a 15000: c’est l'œil le plus complexe chez les insectes !

Question: Dans la phrase ""un petit oeil produit un simple point"", c'est quoi un point ?",2
"Text: Les énormes yeux des insectes font quasiment le tour de leurs têtes. Ils voient donc en même temps vers l’avant, vers l’arrière, à droite, à gauche, vers le haut et vers le bas. Encore mieux qu’un casque de vision en 3D! En revanche, ils ne voient pas très net, parce que leur œil est constitué de centaines, ou même de milliers de petits yeux simples. Chacun de ces petits yeux est chargé de traiter une toute petite partie de l’environnement. Un petit œil produit un simple point d’une teinte et d’une intensité lumineuse données. Ces points sont ensuite assemblés les uns aux autres dans le cerveau de l’insecte pour former une image complète et unique. Un œil d’une abeille contient 4500 petits yeux. Celui d’une libellule en a 15000: c’est l'œil le plus complexe chez les insectes !

Question: Pourquoi la libellule a plus d'oeil que l'abeille ?","Text: Les énormes yeux des insectes font quasiment le tour de leurs têtes. Ils voient donc en même temps vers l’avant, vers l’arrière, à droite, à gauche, vers le haut et vers le bas. Encore mieux qu’un casque de vision en 3D! En revanche, ils ne voient pas très net, parce que leur œil est constitué de centaines, ou même de milliers de petits yeux simples. Chacun de ces petits yeux est chargé de traiter une toute petite partie de l’environnement. Un petit œil produit un simple point d’une teinte et d’une intensité lumineuse données. Ces points sont ensuite assemblés les uns aux autres dans le cerveau de l’insecte pour former une image complète et unique. Un œil d’une abeille contient 4500 petits yeux. Celui d’une libellule en a 15000: c’est l'œil le plus complexe chez les insectes !

Question: Pourquoi la libellule a plus d'oeil que l'abeille ?",2
"Text: Les énormes yeux des insectes font quasiment le tour de leurs têtes. Ils voient donc en même temps vers l’avant, vers l’arrière, à droite, à gauche, vers le haut et vers le bas. Encore mieux qu’un casque de vision en 3D! En revanche, ils ne voient pas très net, parce que leur œil est constitué de centaines, ou même de milliers de petits yeux simples. Chacun de ces petits yeux est chargé de traiter une toute petite partie de l’environnement. Un petit œil produit un simple point d’une teinte et d’une intensité lumineuse données. Ces points sont ensuite assemblés les uns aux autres dans le cerveau de l’insecte pour former une image complète et unique. Un œil d’une abeille contient 4500 petits yeux. Celui d’une libellule en a 15000: c’est l'œil le plus complexe chez les insectes !

Question: Quand le texte parle de ""petits yeux"", c'est des yeux comme les nôtres ou des minuscules? parce que 15000 oeil ville les notres ça prendrait tout le corps de l'insecte,","Text: Les énormes yeux des insectes font quasiment le tour de leurs têtes. Ils voient donc en même temps vers l’avant, vers l’arrière, à droite, à gauche, vers le haut et vers le bas. Encore mieux qu’un casque de vision en 3D! En revanche, ils ne voient pas très net, parce que leur œil est constitué de centaines, ou même de milliers de petits yeux simples. Chacun de ces petits yeux est chargé de traiter une toute petite partie de l’environnement. Un petit œil produit un simple point d’une teinte et d’une intensité lumineuse données. Ces points sont ensuite assemblés les uns aux autres dans le cerveau de l’insecte pour former une image complète et unique. Un œil d’une abeille contient 4500 petits yeux. Celui d’une libellule en a 15000: c’est l'œil le plus complexe chez les insectes !

Question: Quand le texte parle de ""petits yeux"", c'est des yeux comme les nôtres ou des minuscules? parce que 15000 oeil ville les notres ça prendrait tout le corps de l'insecte,",2
"Text: Les énormes yeux des insectes font quasiment le tour de leurs têtes. Ils voient donc en même temps vers l’avant, vers l’arrière, à droite, à gauche, vers le haut et vers le bas. Encore mieux qu’un casque de vision en 3D! En revanche, ils ne voient pas très net, parce que leur œil est constitué de centaines, ou même de milliers de petits yeux simples. Chacun de ces petits yeux est chargé de traiter une toute petite partie de l’environnement. Un petit œil produit un simple point d’une teinte et d’une intensité lumineuse données. Ces points sont ensuite assemblés les uns aux autres dans le cerveau de l’insecte pour former une image complète et unique. Un œil d’une abeille contient 4500 petits yeux. Celui d’une libellule en a 15000: c’est l'œil le plus complexe chez les insectes !

Question: C'est qui qui a la vision en 3D ses l'abeille ou la libellule ?","Text: Les énormes yeux des insectes font quasiment le tour de leurs têtes. Ils voient donc en même temps vers l’avant, vers l’arrière, à droite, à gauche, vers le haut et vers le bas. Encore mieux qu’un casque de vision en 3D! En revanche, ils ne voient pas très net, parce que leur œil est constitué de centaines, ou même de milliers de petits yeux simples. Chacun de ces petits yeux est chargé de traiter une toute petite partie de l’environnement. Un petit œil produit un simple point d’une teinte et d’une intensité lumineuse données. Ces points sont ensuite assemblés les uns aux autres dans le cerveau de l’insecte pour former une image complète et unique. Un œil d’une abeille contient 4500 petits yeux. Celui d’une libellule en a 15000: c’est l'œil le plus complexe chez les insectes !

Question: C'est qui qui a la vision en 3D ses l'abeille ou la libellule ?",2
"Text: Les énormes yeux des insectes font quasiment le tour de leurs têtes. Ils voient donc en même temps vers l’avant, vers l’arrière, à droite, à gauche, vers le haut et vers le bas. Encore mieux qu’un casque de vision en 3D! En revanche, ils ne voient pas très net, parce que leur œil est constitué de centaines, ou même de milliers de petits yeux simples. Chacun de ces petits yeux est chargé de traiter une toute petite partie de l’environnement. Un petit œil produit un simple point d’une teinte et d’une intensité lumineuse données. Ces points sont ensuite assemblés les uns aux autres dans le cerveau de l’insecte pour former une image complète et unique. Un œil d’une abeille contient 4500 petits yeux. Celui d’une libellule en a 15000: c’est l'œil le plus complexe chez les insectes !

Question: Pourquoi la libellule a 15000 oeil alors que l'abeille a 4500 ?","Text: Les énormes yeux des insectes font quasiment le tour de leurs têtes. Ils voient donc en même temps vers l’avant, vers l’arrière, à droite, à gauche, vers le haut et vers le bas. Encore mieux qu’un casque de vision en 3D! En revanche, ils ne voient pas très net, parce que leur œil est constitué de centaines, ou même de milliers de petits yeux simples. Chacun de ces petits yeux est chargé de traiter une toute petite partie de l’environnement. Un petit œil produit un simple point d’une teinte et d’une intensité lumineuse données. Ces points sont ensuite assemblés les uns aux autres dans le cerveau de l’insecte pour former une image complète et unique. Un œil d’une abeille contient 4500 petits yeux. Celui d’une libellule en a 15000: c’est l'œil le plus complexe chez les insectes !

Question: Pourquoi la libellule a 15000 oeil alors que l'abeille a 4500 ?",2
"Text: Les énormes yeux des insectes font quasiment le tour de leurs têtes. Ils voient donc en même temps vers l’avant, vers l’arrière, à droite, à gauche, vers le haut et vers le bas. Encore mieux qu’un casque de vision en 3D! En revanche, ils ne voient pas très net, parce que leur œil est constitué de centaines, ou même de milliers de petits yeux simples. Chacun de ces petits yeux est chargé de traiter une toute petite partie de l’environnement. Un petit œil produit un simple point d’une teinte et d’une intensité lumineuse données. Ces points sont ensuite assemblés les uns aux autres dans le cerveau de l’insecte pour former une image complète et unique. Un œil d’une abeille contient 4500 petits yeux. Celui d’une libellule en a 15000: c’est l'œil le plus complexe chez les insectes !

Question: Est ce que l'oeil d'une libellule contiennent 15000 petit oeil ou s'est un nombre rond ?","Text: Les énormes yeux des insectes font quasiment le tour de leurs têtes. Ils voient donc en même temps vers l’avant, vers l’arrière, à droite, à gauche, vers le haut et vers le bas. Encore mieux qu’un casque de vision en 3D! En revanche, ils ne voient pas très net, parce que leur œil est constitué de centaines, ou même de milliers de petits yeux simples. Chacun de ces petits yeux est chargé de traiter une toute petite partie de l’environnement. Un petit œil produit un simple point d’une teinte et d’une intensité lumineuse données. Ces points sont ensuite assemblés les uns aux autres dans le cerveau de l’insecte pour former une image complète et unique. Un œil d’une abeille contient 4500 petits yeux. Celui d’une libellule en a 15000: c’est l'œil le plus complexe chez les insectes !

Question: Est ce que l'oeil d'une libellule contiennent 15000 petit oeil ou s'est un nombre rond ?",2
"Text: Les énormes yeux des insectes font quasiment le tour de leurs têtes. Ils voient donc en même temps vers l’avant, vers l’arrière, à droite, à gauche, vers le haut et vers le bas. Encore mieux qu’un casque de vision en 3D! En revanche, ils ne voient pas très net, parce que leur œil est constitué de centaines, ou même de milliers de petits yeux simples. Chacun de ces petits yeux est chargé de traiter une toute petite partie de l’environnement. Un petit œil produit un simple point d’une teinte et d’une intensité lumineuse données. Ces points sont ensuite assemblés les uns aux autres dans le cerveau de l’insecte pour former une image complète et unique. Un œil d’une abeille contient 4500 petits yeux. Celui d’une libellule en a 15000: c’est l'œil le plus complexe chez les insectes !

Question: Une petit oeil voit combien en taille ?","Text: Les énormes yeux des insectes font quasiment le tour de leurs têtes. Ils voient donc en même temps vers l’avant, vers l’arrière, à droite, à gauche, vers le haut et vers le bas. Encore mieux qu’un casque de vision en 3D! En revanche, ils ne voient pas très net, parce que leur œil est constitué de centaines, ou même de milliers de petits yeux simples. Chacun de ces petits yeux est chargé de traiter une toute petite partie de l’environnement. Un petit œil produit un simple point d’une teinte et d’une intensité lumineuse données. Ces points sont ensuite assemblés les uns aux autres dans le cerveau de l’insecte pour former une image complète et unique. Un œil d’une abeille contient 4500 petits yeux. Celui d’une libellule en a 15000: c’est l'œil le plus complexe chez les insectes !

Question: Une petit oeil voit combien en taille ?",2
"Text: Les énormes yeux des insectes font quasiment le tour de leurs têtes. Ils voient donc en même temps vers l’avant, vers l’arrière, à droite, à gauche, vers le haut et vers le bas. Encore mieux qu’un casque de vision en 3D! En revanche, ils ne voient pas très net, parce que leur œil est constitué de centaines, ou même de milliers de petits yeux simples. Chacun de ces petits yeux est chargé de traiter une toute petite partie de l’environnement. Un petit œil produit un simple point d’une teinte et d’une intensité lumineuse données. Ces points sont ensuite assemblés les uns aux autres dans le cerveau de l’insecte pour former une image complète et unique. Un œil d’une abeille contient 4500 petits yeux. Celui d’une libellule en a 15000: c’est l'œil le plus complexe chez les insectes !

Question: Pourquoi ils ont autant d'oeil ?","Text: Les énormes yeux des insectes font quasiment le tour de leurs têtes. Ils voient donc en même temps vers l’avant, vers l’arrière, à droite, à gauche, vers le haut et vers le bas. Encore mieux qu’un casque de vision en 3D! En revanche, ils ne voient pas très net, parce que leur œil est constitué de centaines, ou même de milliers de petits yeux simples. Chacun de ces petits yeux est chargé de traiter une toute petite partie de l’environnement. Un petit œil produit un simple point d’une teinte et d’une intensité lumineuse données. Ces points sont ensuite assemblés les uns aux autres dans le cerveau de l’insecte pour former une image complète et unique. Un œil d’une abeille contient 4500 petits yeux. Celui d’une libellule en a 15000: c’est l'œil le plus complexe chez les insectes !

Question: Pourquoi ils ont autant d'oeil ?",2
"Text: Les énormes yeux des insectes font quasiment le tour de leurs têtes. Ils voient donc en même temps vers l’avant, vers l’arrière, à droite, à gauche, vers le haut et vers le bas. Encore mieux qu’un casque de vision en 3D! En revanche, ils ne voient pas très net, parce que leur œil est constitué de centaines, ou même de milliers de petits yeux simples. Chacun de ces petits yeux est chargé de traiter une toute petite partie de l’environnement. Un petit œil produit un simple point d’une teinte et d’une intensité lumineuse données. Ces points sont ensuite assemblés les uns aux autres dans le cerveau de l’insecte pour former une image complète et unique. Un œil d’une abeille contient 4500 petits yeux. Celui d’une libellule en a 15000: c’est l'œil le plus complexe chez les insectes !

Question: La 3D est bien longueur, hauteur, largeur et profondeur ?","Text: Les énormes yeux des insectes font quasiment le tour de leurs têtes. Ils voient donc en même temps vers l’avant, vers l’arrière, à droite, à gauche, vers le haut et vers le bas. Encore mieux qu’un casque de vision en 3D! En revanche, ils ne voient pas très net, parce que leur œil est constitué de centaines, ou même de milliers de petits yeux simples. Chacun de ces petits yeux est chargé de traiter une toute petite partie de l’environnement. Un petit œil produit un simple point d’une teinte et d’une intensité lumineuse données. Ces points sont ensuite assemblés les uns aux autres dans le cerveau de l’insecte pour former une image complète et unique. Un œil d’une abeille contient 4500 petits yeux. Celui d’une libellule en a 15000: c’est l'œil le plus complexe chez les insectes !

Question: La 3D est bien longueur, hauteur, largeur et profondeur ?",2
"Text: Les énormes yeux des insectes font quasiment le tour de leurs têtes. Ils voient donc en même temps vers l’avant, vers l’arrière, à droite, à gauche, vers le haut et vers le bas. Encore mieux qu’un casque de vision en 3D! En revanche, ils ne voient pas très net, parce que leur œil est constitué de centaines, ou même de milliers de petits yeux simples. Chacun de ces petits yeux est chargé de traiter une toute petite partie de l’environnement. Un petit œil produit un simple point d’une teinte et d’une intensité lumineuse données. Ces points sont ensuite assemblés les uns aux autres dans le cerveau de l’insecte pour former une image complète et unique. Un œil d’une abeille contient 4500 petits yeux. Celui d’une libellule en a 15000: c’est l'œil le plus complexe chez les insectes !

Question: Combien l'oeil des autres insectes contiennent-ils de petits yeux ?","Text: Les énormes yeux des insectes font quasiment le tour de leurs têtes. Ils voient donc en même temps vers l’avant, vers l’arrière, à droite, à gauche, vers le haut et vers le bas. Encore mieux qu’un casque de vision en 3D! En revanche, ils ne voient pas très net, parce que leur œil est constitué de centaines, ou même de milliers de petits yeux simples. Chacun de ces petits yeux est chargé de traiter une toute petite partie de l’environnement. Un petit œil produit un simple point d’une teinte et d’une intensité lumineuse données. Ces points sont ensuite assemblés les uns aux autres dans le cerveau de l’insecte pour former une image complète et unique. Un œil d’une abeille contient 4500 petits yeux. Celui d’une libellule en a 15000: c’est l'œil le plus complexe chez les insectes !

Question: Combien l'oeil des autres insectes contiennent-ils de petits yeux ?",2
"Text: Les énormes yeux des insectes font quasiment le tour de leurs têtes. Ils voient donc en même temps vers l’avant, vers l’arrière, à droite, à gauche, vers le haut et vers le bas. Encore mieux qu’un casque de vision en 3D! En revanche, ils ne voient pas très net, parce que leur œil est constitué de centaines, ou même de milliers de petits yeux simples. Chacun de ces petits yeux est chargé de traiter une toute petite partie de l’environnement. Un petit œil produit un simple point d’une teinte et d’une intensité lumineuse données. Ces points sont ensuite assemblés les uns aux autres dans le cerveau de l’insecte pour former une image complète et unique. Un œil d’une abeille contient 4500 petits yeux. Celui d’une libellule en a 15000: c’est l'œil le plus complexe chez les insectes !

Question: Quelle sorte de vision ça fait aussi insectes ?","Text: Les énormes yeux des insectes font quasiment le tour de leurs têtes. Ils voient donc en même temps vers l’avant, vers l’arrière, à droite, à gauche, vers le haut et vers le bas. Encore mieux qu’un casque de vision en 3D! En revanche, ils ne voient pas très net, parce que leur œil est constitué de centaines, ou même de milliers de petits yeux simples. Chacun de ces petits yeux est chargé de traiter une toute petite partie de l’environnement. Un petit œil produit un simple point d’une teinte et d’une intensité lumineuse données. Ces points sont ensuite assemblés les uns aux autres dans le cerveau de l’insecte pour former une image complète et unique. Un œil d’une abeille contient 4500 petits yeux. Celui d’une libellule en a 15000: c’est l'œil le plus complexe chez les insectes !

Question: Quelle sorte de vision ça fait aussi insectes ?",2
"Text: Les énormes yeux des insectes font quasiment le tour de leurs têtes. Ils voient donc en même temps vers l’avant, vers l’arrière, à droite, à gauche, vers le haut et vers le bas. Encore mieux qu’un casque de vision en 3D! En revanche, ils ne voient pas très net, parce que leur œil est constitué de centaines, ou même de milliers de petits yeux simples. Chacun de ces petits yeux est chargé de traiter une toute petite partie de l’environnement. Un petit œil produit un simple point d’une teinte et d’une intensité lumineuse données. Ces points sont ensuite assemblés les uns aux autres dans le cerveau de l’insecte pour former une image complète et unique. Un œil d’une abeille contient 4500 petits yeux. Celui d’une libellule en a 15000: c’est l'œil le plus complexe chez les insectes !

Question: Est ce que les insectes ont obligatoirement plus de 1000 petits yeux ?","Text: Les énormes yeux des insectes font quasiment le tour de leurs têtes. Ils voient donc en même temps vers l’avant, vers l’arrière, à droite, à gauche, vers le haut et vers le bas. Encore mieux qu’un casque de vision en 3D! En revanche, ils ne voient pas très net, parce que leur œil est constitué de centaines, ou même de milliers de petits yeux simples. Chacun de ces petits yeux est chargé de traiter une toute petite partie de l’environnement. Un petit œil produit un simple point d’une teinte et d’une intensité lumineuse données. Ces points sont ensuite assemblés les uns aux autres dans le cerveau de l’insecte pour former une image complète et unique. Un œil d’une abeille contient 4500 petits yeux. Celui d’une libellule en a 15000: c’est l'œil le plus complexe chez les insectes !

Question: Est ce que les insectes ont obligatoirement plus de 1000 petits yeux ?",2
"Text: Les énormes yeux des insectes font quasiment le tour de leurs têtes. Ils voient donc en même temps vers l’avant, vers l’arrière, à droite, à gauche, vers le haut et vers le bas. Encore mieux qu’un casque de vision en 3D! En revanche, ils ne voient pas très net, parce que leur œil est constitué de centaines, ou même de milliers de petits yeux simples. Chacun de ces petits yeux est chargé de traiter une toute petite partie de l’environnement. Un petit œil produit un simple point d’une teinte et d’une intensité lumineuse données. Ces points sont ensuite assemblés les uns aux autres dans le cerveau de l’insecte pour former une image complète et unique. Un œil d’une abeille contient 4500 petits yeux. Celui d’une libellule en a 15000: c’est l'œil le plus complexe chez les insectes !

Question: Comment ils font pour assembler les points sans prendre beaucoup de temps ?","Text: Les énormes yeux des insectes font quasiment le tour de leurs têtes. Ils voient donc en même temps vers l’avant, vers l’arrière, à droite, à gauche, vers le haut et vers le bas. Encore mieux qu’un casque de vision en 3D! En revanche, ils ne voient pas très net, parce que leur œil est constitué de centaines, ou même de milliers de petits yeux simples. Chacun de ces petits yeux est chargé de traiter une toute petite partie de l’environnement. Un petit œil produit un simple point d’une teinte et d’une intensité lumineuse données. Ces points sont ensuite assemblés les uns aux autres dans le cerveau de l’insecte pour former une image complète et unique. Un œil d’une abeille contient 4500 petits yeux. Celui d’une libellule en a 15000: c’est l'œil le plus complexe chez les insectes !

Question: Comment ils font pour assembler les points sans prendre beaucoup de temps ?",2
"Text: Les énormes yeux des insectes font quasiment le tour de leurs têtes. Ils voient donc en même temps vers l’avant, vers l’arrière, à droite, à gauche, vers le haut et vers le bas. Encore mieux qu’un casque de vision en 3D! En revanche, ils ne voient pas très net, parce que leur œil est constitué de centaines, ou même de milliers de petits yeux simples. Chacun de ces petits yeux est chargé de traiter une toute petite partie de l’environnement. Un petit œil produit un simple point d’une teinte et d’une intensité lumineuse données. Ces points sont ensuite assemblés les uns aux autres dans le cerveau de l’insecte pour former une image complète et unique. Un œil d’une abeille contient 4500 petits yeux. Celui d’une libellule en a 15000: c’est l'œil le plus complexe chez les insectes !

Question: A quelle vitesse le cerveau de l'insecte peut-il former une image ?","Text: Les énormes yeux des insectes font quasiment le tour de leurs têtes. Ils voient donc en même temps vers l’avant, vers l’arrière, à droite, à gauche, vers le haut et vers le bas. Encore mieux qu’un casque de vision en 3D! En revanche, ils ne voient pas très net, parce que leur œil est constitué de centaines, ou même de milliers de petits yeux simples. Chacun de ces petits yeux est chargé de traiter une toute petite partie de l’environnement. Un petit œil produit un simple point d’une teinte et d’une intensité lumineuse données. Ces points sont ensuite assemblés les uns aux autres dans le cerveau de l’insecte pour former une image complète et unique. Un œil d’une abeille contient 4500 petits yeux. Celui d’une libellule en a 15000: c’est l'œil le plus complexe chez les insectes !

Question: A quelle vitesse le cerveau de l'insecte peut-il former une image ?",2
"Text: Les énormes yeux des insectes font quasiment le tour de leurs têtes. Ils voient donc en même temps vers l’avant, vers l’arrière, à droite, à gauche, vers le haut et vers le bas. Encore mieux qu’un casque de vision en 3D! En revanche, ils ne voient pas très net, parce que leur œil est constitué de centaines, ou même de milliers de petits yeux simples. Chacun de ces petits yeux est chargé de traiter une toute petite partie de l’environnement. Un petit œil produit un simple point d’une teinte et d’une intensité lumineuse données. Ces points sont ensuite assemblés les uns aux autres dans le cerveau de l’insecte pour former une image complète et unique. Un œil d’une abeille contient 4500 petits yeux. Celui d’une libellule en a 15000: c’est l'œil le plus complexe chez les insectes !

Question: Comment les petits insectes ont des milliers de petits yeux ?","Text: Les énormes yeux des insectes font quasiment le tour de leurs têtes. Ils voient donc en même temps vers l’avant, vers l’arrière, à droite, à gauche, vers le haut et vers le bas. Encore mieux qu’un casque de vision en 3D! En revanche, ils ne voient pas très net, parce que leur œil est constitué de centaines, ou même de milliers de petits yeux simples. Chacun de ces petits yeux est chargé de traiter une toute petite partie de l’environnement. Un petit œil produit un simple point d’une teinte et d’une intensité lumineuse données. Ces points sont ensuite assemblés les uns aux autres dans le cerveau de l’insecte pour former une image complète et unique. Un œil d’une abeille contient 4500 petits yeux. Celui d’une libellule en a 15000: c’est l'œil le plus complexe chez les insectes !

Question: Comment les petits insectes ont des milliers de petits yeux ?",2
"Text: Les énormes yeux des insectes font quasiment le tour de leurs têtes. Ils voient donc en même temps vers l’avant, vers l’arrière, à droite, à gauche, vers le haut et vers le bas. Encore mieux qu’un casque de vision en 3D! En revanche, ils ne voient pas très net, parce que leur œil est constitué de centaines, ou même de milliers de petits yeux simples. Chacun de ces petits yeux est chargé de traiter une toute petite partie de l’environnement. Un petit œil produit un simple point d’une teinte et d’une intensité lumineuse données. Ces points sont ensuite assemblés les uns aux autres dans le cerveau de l’insecte pour former une image complète et unique. Un œil d’une abeille contient 4500 petits yeux. Celui d’une libellule en a 15000: c’est l'œil le plus complexe chez les insectes !

Question: Pourquoi une abeille a 4500 petits yeux alors qu'une libellule en a 15000 ?","Text: Les énormes yeux des insectes font quasiment le tour de leurs têtes. Ils voient donc en même temps vers l’avant, vers l’arrière, à droite, à gauche, vers le haut et vers le bas. Encore mieux qu’un casque de vision en 3D! En revanche, ils ne voient pas très net, parce que leur œil est constitué de centaines, ou même de milliers de petits yeux simples. Chacun de ces petits yeux est chargé de traiter une toute petite partie de l’environnement. Un petit œil produit un simple point d’une teinte et d’une intensité lumineuse données. Ces points sont ensuite assemblés les uns aux autres dans le cerveau de l’insecte pour former une image complète et unique. Un œil d’une abeille contient 4500 petits yeux. Celui d’une libellule en a 15000: c’est l'œil le plus complexe chez les insectes !

Question: Pourquoi une abeille a 4500 petits yeux alors qu'une libellule en a 15000 ?",2
"Text: Les énormes yeux des insectes font quasiment le tour de leurs têtes. Ils voient donc en même temps vers l’avant, vers l’arrière, à droite, à gauche, vers le haut et vers le bas. Encore mieux qu’un casque de vision en 3D! En revanche, ils ne voient pas très net, parce que leur œil est constitué de centaines, ou même de milliers de petits yeux simples. Chacun de ces petits yeux est chargé de traiter une toute petite partie de l’environnement. Un petit œil produit un simple point d’une teinte et d’une intensité lumineuse données. Ces points sont ensuite assemblés les uns aux autres dans le cerveau de l’insecte pour former une image complète et unique. Un œil d’une abeille contient 4500 petits yeux. Celui d’une libellule en a 15000: c’est l'œil le plus complexe chez les insectes !

Question: Pourquoi les énormes yeux des insectes c'est mieux qu'un casque de 3D ?","Text: Les énormes yeux des insectes font quasiment le tour de leurs têtes. Ils voient donc en même temps vers l’avant, vers l’arrière, à droite, à gauche, vers le haut et vers le bas. Encore mieux qu’un casque de vision en 3D! En revanche, ils ne voient pas très net, parce que leur œil est constitué de centaines, ou même de milliers de petits yeux simples. Chacun de ces petits yeux est chargé de traiter une toute petite partie de l’environnement. Un petit œil produit un simple point d’une teinte et d’une intensité lumineuse données. Ces points sont ensuite assemblés les uns aux autres dans le cerveau de l’insecte pour former une image complète et unique. Un œil d’une abeille contient 4500 petits yeux. Celui d’une libellule en a 15000: c’est l'œil le plus complexe chez les insectes !

Question: Pourquoi les énormes yeux des insectes c'est mieux qu'un casque de 3D ?",2
